Date,InvoNo,CustomerKey,Amount
2018/1/1,JA1803995,A0620,411.4
2018/1/1,JA1801197,A0786,1892.352
2018/1/1,JA1805774,A1336,658.24
2018/1/2,JA1805166,A0544,1971.2
2018/1/2,JA1804344,A0562,3142.825
2018/1/2,JA1805726,A0635,5686.14528
2018/1/2,JA1808698,A0983,946.176
2018/1/2,JA1807201,A0667,2843.07264
2018/1/2,JA1806384,A0732,1892.352
2018/1/2,JA1800695,A0843,2450.55888
2018/1/2,JA1800650,A0566,1978.1616
2018/1/2,JA1805069,A1100,10710.05184
2018/1/2,JA1802933,A0764,2100.47904
2018/1/2,JA1802358,A0824,1826.847
2018/1/2,JA1804872,A1369,913.4235
2018/1/2,JA1808241,A0403,1103.872
2018/1/2,JA1808305,A1153,1379.84
2018/1/2,JA1803645,A0371,3612.504
2018/1/2,JA1804134,A1265,1461.4776
2018/1/2,JA1807207,A1116,989.0808
2018/1/2,JA1803169,A1014,2843.07264
2018/1/2,JA1806618,A1345,1103.872
2018/1/2,JA1805224,A0937,411.4
2018/1/2,JA1808877,A0684,4738.4544
2018/1/2,JA1803143,A1181,658.24
2018/1/2,JA1804519,A0802,4214.588
2018/1/2,JA1805359,A0799,2673.792
2018/1/2,JA1800653,A0408,17946.8784
2018/1/2,JA1808583,A1323,658.24
2018/1/2,JA1805574,A1055,205.7
2018/1/2,JA1808003,A0880,6020.84
2018/1/2,JA1800463,A0887,822.8
2018/1/2,JA1802973,A1371,411.4
2018/1/2,JA1805644,A0602,2450.55888
2018/1/2,JA1806733,A1277,5686.14528
2018/1/2,JA1804194,A1089,102.85
2018/1/2,JA1808424,A0452,1461.4776
2018/1/2,JA1800982,A0743,989.0808
2018/1/2,JA1803981,A0422,3612.504
2018/1/3,JA1804028,A1350,2472.702
2018/1/3,JA1800369,A0424,1257.13
2018/1/3,JA1807742,A1015,4738.4544
2018/1/3,JA1807009,A0597,4214.588
2018/1/3,JA1806924,A0777,730.7388
2018/1/3,JA1805463,A0728,4214.588
2018/1/3,JA1807597,A1101,365.3694
2018/1/3,JA1804867,A0972,822.8
2018/1/3,JA1800785,A1146,822.8
2018/1/3,JA1807681,A1360,3565.056
2018/1/3,JA1805086,A1408,1103.872
2018/1/3,JA1806249,A0887,1576.96
2018/1/3,JA1804989,A1142,1576.96
2018/1/3,JA1800524,A0796,5934.48768
2018/1/3,JA1807380,A0992,2365.44
2018/1/3,JA1805975,A0963,1182.72
2018/1/3,JA1809312,A0965,5686.14528
2018/1/3,JA1801617,A0610,1826.847
2018/1/3,JA1808629,A1002,730.7388
2018/1/3,JA1808145,A0879,1379.84
2018/1/3,JA1802177,A0731,13602.624
2018/1/3,JA1806147,A0808,3142.825
2018/1/3,JA1801416,A0799,411.4
2018/1/3,JA1809208,A0994,4200.95808
2018/1/3,JA1808935,A0802,411.4
2018/1/3,JA1804904,A1135,2100.47904
2018/1/3,JA1801655,A1306,730.7388
2018/1/3,JA1804312,A1067,205.7
2018/1/3,JA1803888,A0542,314.2825
2018/1/3,JA1803502,A0817,1028.5
2018/1/3,JA1809232,A0375,989.0808
2018/1/3,JA1805043,A0952,1826.847
2018/1/4,JA1806944,A1269,329.12
2018/1/4,JA1809000,A0355,989.0808
2018/1/4,JA1807651,A1295,5934.48768
2018/1/4,JA1805214,A0938,1182.72
2018/1/4,JA1807123,A1031,3316.91808
2018/1/4,JA1800364,A0739,1103.872
2018/1/4,JA1802484,A0578,1379.84
2018/1/4,JA1802405,A0690,1103.872
2018/1/4,JA1805811,A0994,1978.1616
2018/1/4,JA1805605,A0764,913.4235
2018/1/4,JA1807767,A1343,4200.95808
2018/1/4,JA1808311,A0410,1182.72
2018/1/4,JA1804979,A1055,6740.8
2018/1/4,JA1803783,A0387,2450.55888
2018/1/4,JA1801653,A0990,411.4
2018/1/4,JA1801169,A0965,989.0808
2018/1/4,JA1801927,A1305,6740.8
2018/1/4,JA1804753,A1337,1826.847
2018/1/4,JA1805823,A1062,822.8
2018/1/4,JA1805669,A1085,658.24
2018/1/4,JA1802270,A1409,4738.4544
2018/1/4,JA1803326,A1353,411.4
2018/1/4,JA1805110,A1406,3500.7984
2018/1/4,JA1802948,A0513,25690.7
2018/1/4,JA1802444,A0764,989.0808
2018/1/4,JA1802386,A1212,1826.847
2018/1/4,JA1807509,A0408,20243.112
2018/1/4,JA1804885,A0798,946.176
2018/1/4,JA1804764,A0880,1103.872
2018/1/4,JA1802305,A0978,7912.65024
2018/1/4,JA1806154,A1227,3500.7984
2018/1/4,JA1804251,A0352,730.7388
2018/1/4,JA1800499,A0382,1892.352
2018/1/4,JA1804113,A0557,365.3694
2018/1/4,JA1805184,A0690,628.565
2018/1/4,JA1803012,A0412,913.4235
2018/1/4,JA1803303,A0457,1182.72
2018/1/4,JA1800908,A1167,913.4235
2018/1/5,JA1802797,A0810,2843.07264
2018/1/5,JA1804414,A1375,1576.96
2018/1/5,JA1801584,A0409,25690.7
2018/1/5,JA1808100,A0807,2450.55888
2018/1/5,JA1805651,A0736,2365.44
2018/1/5,JA1804168,A1149,1461.4776
2018/1/5,JA1802778,A0424,1571.4125
2018/1/5,JA1806773,A0696,2843.07264
2018/1/5,JA1805058,A0949,1379.84
2018/1/5,JA1805688,A0470,628.565
2018/1/5,JA1804886,A1333,2472.702
2018/1/5,JA1802375,A0629,329.12
2018/1/5,JA1807218,A1415,822.8
2018/1/5,JA1808562,A0387,7225.008
2018/1/5,JA1802426,A1236,2843.07264
2018/1/5,JA1806279,A0816,6020.84
2018/1/5,JA1805039,A0387,1892.352
2018/1/5,JA1807939,A0429,1103.872
2018/1/5,JA1801710,A1230,1892.352
2018/1/5,JA1808017,A0824,946.176
2018/1/5,JA1802780,A0745,2450.55888
2018/1/5,JA1809030,A0415,4214.588
2018/1/5,JA1803126,A0745,1182.72
2018/1/5,JA1805474,A0350,411.4
2018/1/5,JA1802153,A0534,1379.84
2018/1/5,JA1800606,A0350,329.12
2018/1/5,JA1808484,A0881,2100.47904
2018/1/8,JA1809064,A1069,4200.95808
2018/1/8,JA1802522,A1159,1182.72
2018/1/8,JA1803161,A0552,329.12
2018/1/8,JA1808380,A0431,329.12
2018/1/8,JA1808812,A0864,411.4
2018/1/8,JA1803848,A0404,4214.588
2018/1/8,JA1803677,A0592,3342.24
2018/1/8,JA1807730,A1326,4200.95808
2018/1/8,JA1804303,A1301,411.4
2018/1/8,JA1802101,A0589,514.25
2018/1/8,JA1805980,A0743,6020.84
2018/1/8,JA1804924,A1176,3500.7984
2018/1/8,JA1801370,A1316,4200.95808
2018/1/8,JA1809287,A0893,329.12
2018/1/8,JA1804467,A0744,2843.07264
2018/1/8,JA1806580,A1193,1103.872
2018/1/8,JA1804368,A0529,1379.84
2018/1/8,JA1804918,A1338,3500.7984
2018/1/8,JA1808169,A1169,822.8
2018/1/8,JA1805915,A1311,1257.13
2018/1/8,JA1807237,A0684,5934.48768
2018/1/8,JA1802100,A0399,494.5404
2018/1/8,JA1806221,A0472,4738.4544
2018/1/8,JA1807944,A0703,4200.95808
2018/1/8,JA1807306,A0542,247.2702
2018/1/8,JA1803479,A0852,514.25
2018/1/8,JA1803052,A0522,1182.72
2018/1/8,JA1803900,A1135,1971.2
2018/1/8,JA1805607,A0710,989.0808
2018/1/8,JA1800525,A1214,1103.872
2018/1/8,JA1805217,A1120,365.3694
2018/1/8,JA1807557,A1130,822.8
2018/1/9,JA1805295,A1285,3612.504
2018/1/9,JA1803318,A1036,1892.352
2018/1/9,JA1803407,A0815,1971.2
2018/1/9,JA1801026,A1420,2450.55888
2018/1/9,JA1807309,A1384,102.85
2018/1/9,JA1803640,A0786,514.25
2018/1/9,JA1805230,A0545,989.0808
2018/1/9,JA1805276,A1150,1182.72
2018/1/9,JA1802853,A1341,658.24
2018/1/9,JA1800955,A0892,2100.47904
2018/1/9,JA1803112,A0878,822.8
2018/1/9,JA1804637,A0993,3612.504
2018/1/9,JA1808813,A0799,2673.792
2018/1/9,JA1807457,A0696,2843.07264
2018/1/9,JA1803796,A1285,2450.55888
2018/1/9,JA1806408,A0949,2843.07264
2018/1/9,JA1804227,A1282,5686.14528
2018/1/9,JA1806323,A0350,730.7388
2018/1/9,JA1809376,A1357,1576.96
2018/1/9,JA1803418,A1197,2843.07264
2018/1/9,JA1804860,A1313,1461.4776
2018/1/9,JA1803814,A0826,730.7388
2018/1/9,JA1801067,A1390,3500.7984
2018/1/9,JA1802023,A1419,1978.1616
2018/1/9,JA1806649,A1095,4214.588
2018/1/9,JA1804477,A0473,3142.825
2018/1/9,JA1809237,A1236,10111.2
2018/1/9,JA1804523,A1316,1028.5
2018/1/9,JA1806432,A0517,3316.91808
2018/1/9,JA1805677,A1058,82.28
2018/1/9,JA1801827,A1306,658.24
2018/1/9,JA1801343,A0552,10201.968
2018/1/10,JA1806428,A0365,946.176
2018/1/10,JA1807928,A1195,2450.55888
2018/1/10,JA1808857,A1018,4738.4544
2018/1/10,JA1804648,A0380,989.0808
2018/1/10,JA1800044,A0660,1971.2
2018/1/10,JA1800914,A0661,1826.847
2018/1/10,JA1805921,A0525,1182.72
2018/1/10,JA1801939,A1308,1461.4776
2018/1/10,JA1808213,A0616,7912.65024
2018/1/10,JA1808727,A1323,1826.847
2018/1/10,JA1808195,A1362,3500.7984
2018/1/10,JA1805150,A1348,1379.84
2018/1/10,JA1805490,A0754,730.7388
2018/1/10,JA1802486,A1313,1978.1616
2018/1/10,JA1805449,A1030,3342.24
2018/1/10,JA1801131,A0880,24291.7344
2018/1/10,JA1807901,A1056,7225.008
2018/1/10,JA1806357,A0350,1826.847
2018/1/10,JA1800368,A0903,2100.47904
2018/1/10,JA1805113,A0576,822.8
2018/1/10,JA1806351,A1255,329.12
2018/1/10,JA1805553,A0819,946.176
2018/1/10,JA1807257,A0438,1257.13
2018/1/10,JA1806519,A0616,946.176
2018/1/10,JA1802359,A0982,329.12
2018/1/10,JA1801941,A1255,946.176
2018/1/10,JA1801003,A0422,411.4
2018/1/10,JA1800749,A0887,1028.5
2018/1/10,JA1804762,A1068,1571.4125
2018/1/10,JA1806049,A0369,822.8
2018/1/10,JA1803890,A0771,1461.4776
2018/1/10,JA1804311,A1353,8032.53888
2018/1/10,JA1801049,A1225,2365.44
2018/1/10,JA1800347,A0890,1971.2
2018/1/10,JA1808491,A1103,3316.91808
2018/1/10,JA1802616,A1167,658.24
2018/1/10,JA1803005,A0952,1571.4125
2018/1/10,JA1803462,A0432,514.25
2018/1/10,JA1804255,A1167,913.4235
2018/1/11,JA1805015,A1350,822.8
2018/1/11,JA1805969,A1242,913.4235
2018/1/11,JA1805696,A1408,946.176
2018/1/11,JA1804936,A0432,2365.44
2018/1/11,JA1807957,A1271,1971.2
2018/1/11,JA1801031,A0660,6740.8
2018/1/11,JA1805252,A0890,411.4
2018/1/11,JA1807358,A0756,3342.24
2018/1/11,JA1806829,A1073,3142.825
2018/1/11,JA1806559,A0372,1028.5
2018/1/11,JA1803712,A1276,514.25
2018/1/11,JA1808024,A1357,946.176
2018/1/11,JA1803899,A0414,411.4
2018/1/11,JA1806632,A0607,1576.96
2018/1/11,JA1801308,A0387,989.0808
2018/1/11,JA1807392,A0760,3500.7984
2018/1/11,JA1800453,A0930,2365.44
2018/1/11,JA1802160,A0670,1182.72
2018/1/11,JA1806697,A0641,4456.32
2018/1/11,JA1801168,A0880,1236.351
2018/1/11,JA1803505,A1163,1379.84
2018/1/11,JA1800247,A0519,658.24
2018/1/11,JA1801951,A0953,494.5404
2018/1/11,JA1805096,A0369,1379.84
2018/1/11,JA1800094,A0690,1576.96
2018/1/11,JA1800954,A0380,6020.84
2018/1/11,JA1802859,A0747,102.85
2018/1/11,JA1808226,A0952,1576.96
2018/1/11,JA1807812,A0853,3500.7984
2018/1/11,JA1800677,A1232,5313
2018/1/11,JA1800563,A0629,1826.847
2018/1/11,JA1801380,A0741,1103.872
2018/1/11,JA1805623,A1030,2472.702
2018/1/11,JA1802736,A1124,2472.702
2018/1/11,JA1801948,A1054,1103.872
2018/1/11,JA1807136,A0399,946.176
2018/1/12,JA1802998,A1009,1103.872
2018/1/12,JA1809230,A1349,2100.47904
2018/1/12,JA1806247,A1161,1028.5
2018/1/12,JA1806964,A1240,6020.84
2018/1/12,JA1801479,A0713,913.4235
2018/1/12,JA1800829,A0581,164.56
2018/1/12,JA1807832,A0421,1236.351
2018/1/12,JA1801779,A1206,411.4
2018/1/12,JA1802094,A0918,329.12
2018/1/12,JA1807771,A1060,1971.2
2018/1/12,JA1805851,A0552,1576.96
2018/1/12,JA1800258,A1370,913.4235
2018/1/12,JA1801110,A0375,514.25
2018/1/12,JA1809241,A0519,2450.55888
2018/1/12,JA1800380,A1285,1576.96
2018/1/12,JA1807864,A1003,1103.872
2018/1/12,JA1802900,A1202,1028.5
2018/1/12,JA1803749,A0852,3612.504
2018/1/12,JA1802975,A1420,913.4235
2018/1/12,JA1808645,A0907,2843.07264
2018/1/12,JA1807926,A1161,1971.2
2018/1/12,JA1800105,A1103,1892.352
2018/1/12,JA1801950,A1260,1971.2
2018/1/12,JA1808270,A1307,946.176
2018/1/12,JA1805974,A0471,411.4
2018/1/12,JA1801449,A0655,6740.8
2018/1/12,JA1808517,A1035,514.25
2018/1/12,JA1801007,A0953,14955.732
2018/1/12,JA1808073,A0716,2450.55888
2018/1/12,JA1803149,A0764,1576.96
2018/1/12,JA1807016,A1137,658.24
2018/1/12,JA1800608,A0942,1978.1616
2018/1/12,JA1804925,A0686,411.4
2018/1/12,JA1806382,A0952,1461.4776
2018/1/12,JA1801411,A1007,10111.2
2018/1/12,JA1806146,A1197,658.24
2018/1/12,JA1804189,A1076,1571.4125
2018/1/12,JA1802800,A1337,1826.847
2018/1/15,JA1802258,A0778,1182.72
2018/1/15,JA1806170,A0407,8426
2018/1/15,JA1801457,A0626,2472.702
2018/1/15,JA1801312,A0665,989.0808
2018/1/15,JA1804562,A0796,2100.47904
2018/1/15,JA1808841,A0371,1103.872
2018/1/15,JA1801533,A0741,4456.32
2018/1/15,JA1806963,A0921,2365.44
2018/1/15,JA1806725,A0659,946.176
2018/1/15,JA1800740,A1278,102.85
2018/1/15,JA1804508,A0992,3316.91808
2018/1/15,JA1804575,A0679,411.4
2018/1/15,JA1800200,A0422,2843.07264
2018/1/15,JA1801842,A0945,1182.72
2018/1/15,JA1803351,A0513,1978.1616
2018/1/15,JA1808889,A0781,2100.47904
2018/1/15,JA1801568,A0512,2843.07264
2018/1/15,JA1800081,A1092,411.4
2018/1/15,JA1803771,A1277,411.4
2018/1/15,JA1800938,A0887,329.12
2018/1/15,JA1806239,A1162,3500.7984
2018/1/15,JA1808186,A1358,3612.504
2018/1/15,JA1807355,A0403,8032.53888
2018/1/15,JA1807320,A0907,3316.91808
2018/1/15,JA1807167,A0771,1461.4776
2018/1/15,JA1803195,A0444,8426
2018/1/15,JA1802949,A0754,1971.2
2018/1/15,JA1803901,A0761,4738.4544
2018/1/15,JA1806098,A1226,2514.26
2018/1/16,JA1808396,A0807,1257.13
2018/1/16,JA1805638,A1014,730.7388
2018/1/16,JA1809058,A0945,1028.5
2018/1/16,JA1800797,A0987,913.4235
2018/1/16,JA1805554,A1314,658.24
2018/1/16,JA1802846,A0654,822.8
2018/1/16,JA1808800,A0986,329.12
2018/1/16,JA1807541,A1127,3342.24
2018/1/16,JA1804127,A0718,3612.504
2018/1/16,JA1803390,A1139,3612.504
2018/1/16,JA1801256,A1137,1103.872
2018/1/16,JA1808288,A0881,1182.72
2018/1/16,JA1808946,A0463,989.0808
2018/1/16,JA1808581,A0471,5934.48768
2018/1/16,JA1802200,A1067,329.12
2018/1/16,JA1807616,A0716,1257.13
2018/1/16,JA1806704,A0746,411.4
2018/1/16,JA1802721,A1163,329.12
2018/1/16,JA1804822,A0412,730.7388
2018/1/16,JA1804587,A0693,3612.504
2018/1/16,JA1802887,A0988,5934.48768
2018/1/16,JA1800646,A1101,2472.702
2018/1/16,JA1804914,A0414,4456.32
2018/1/16,JA1807268,A0670,3612.504
2018/1/16,JA1804234,A0754,1257.13
2018/1/16,JA1806107,A0890,946.176
2018/1/16,JA1805626,A0528,8032.53888
2018/1/16,JA1800640,A1410,2843.07264
2018/1/16,JA1808355,A0462,7225.008
2018/1/16,JA1802694,A0743,989.0808
2018/1/16,JA1804106,A0495,730.7388
2018/1/16,JA1805720,A0377,5686.14528
2018/1/16,JA1800335,A0720,1236.351
2018/1/16,JA1807621,A0941,822.8
2018/1/16,JA1800330,A0967,989.0808
2018/1/16,JA1805798,A0528,1028.5
2018/1/16,JA1805004,A0382,411.4
2018/1/16,JA1805162,A0771,514.25
2018/1/17,JA1806334,A1363,2843.07264
2018/1/17,JA1803668,A1060,946.176
2018/1/17,JA1809332,A0879,2472.702
2018/1/17,JA1801444,A1003,822.8
2018/1/17,JA1807378,A0627,1182.72
2018/1/17,JA1809286,A0380,946.176
2018/1/17,JA1801155,A0629,1576.96
2018/1/17,JA1800980,A0466,2365.44
2018/1/17,JA1801083,A0356,411.4
2018/1/17,JA1807178,A1115,1182.72
2018/1/17,JA1805141,A1314,1892.352
2018/1/17,JA1807861,A0929,10710.05184
2018/1/17,JA1806561,A0982,8032.53888
2018/1/17,JA1806542,A1286,1826.847
2018/1/17,JA1800755,A1050,3612.504
2018/1/17,JA1801103,A0506,1971.2
2018/1/17,JA1800704,A0963,514.25
2018/1/17,JA1802283,A1110,4738.4544
2018/1/17,JA1806073,A1416,2100.47904
2018/1/17,JA1806108,A0464,411.4
2018/1/17,JA1803450,A1406,1028.5
2018/1/17,JA1803501,A0452,7225.008
2018/1/17,JA1800895,A0720,1892.352
2018/1/17,JA1803111,A0547,164.56
2018/1/17,JA1807794,A1215,1257.13
2018/1/17,JA1806406,A1095,1576.96
2018/1/17,JA1807888,A1212,2100.47904
2018/1/17,JA1800840,A0815,2673.792
2018/1/17,JA1804346,A0355,946.176
2018/1/17,JA1809257,A1388,989.0808
2018/1/17,JA1806985,A0927,1892.352
2018/1/17,JA1802031,A0422,1971.2
2018/1/17,JA1802663,A0701,411.4
2018/1/17,JA1808143,A1142,1978.1616
2018/1/18,JA1807475,A0505,1461.4776
2018/1/18,JA1804103,A0665,1892.352
2018/1/18,JA1802441,A1367,2365.44
2018/1/18,JA1808943,A1229,10710.05184
2018/1/18,JA1800116,A0806,411.4
2018/1/18,JA1806883,A0963,1576.96
2018/1/18,JA1803788,A1167,2673.792
2018/1/18,JA1800259,A0861,4456.32
2018/1/18,JA1806151,A0375,1978.1616
2018/1/18,JA1801802,A0607,989.0808
2018/1/18,JA1800627,A0353,3342.24
2018/1/18,JA1802075,A0944,1182.72
2018/1/18,JA1804018,A0853,1576.96
2018/1/18,JA1805779,A1064,1978.1616
2018/1/18,JA1805679,A0616,3612.504
2018/1/18,JA1803387,A1133,1379.84
2018/1/18,JA1808957,A0760,730.7388
2018/1/18,JA1807131,A1226,658.24
2018/1/18,JA1807255,A1240,2673.792
2018/1/18,JA1803589,A1079,329.12
2018/1/18,JA1807505,A0916,1576.96
2018/1/18,JA1804096,A1204,946.176
2018/1/18,JA1809005,A0587,2100.47904
2018/1/18,JA1804406,A0946,913.4235
2018/1/18,JA1804600,A0811,329.12
2018/1/18,JA1807993,A1202,329.12
2018/1/18,JA1806932,A0636,1978.1616
2018/1/18,JA1800107,A0420,1971.2
2018/1/18,JA1801467,A1055,5686.14528
2018/1/18,JA1807884,A0422,946.176
2018/1/18,JA1801833,A0419,2100.47904
2018/1/19,JA1809316,A0494,946.176
2018/1/19,JA1807111,A0731,14955.732
2018/1/19,JA1808430,A0681,2100.47904
2018/1/19,JA1803473,A1083,1576.96
2018/1/19,JA1803782,A1241,2450.55888
2018/1/19,JA1800064,A0913,822.8
2018/1/19,JA1800172,A0837,1971.2
2018/1/19,JA1801212,A0401,730.7388
2018/1/19,JA1805371,A1120,5313
2018/1/19,JA1804825,A0944,4738.4544
2018/1/19,JA1808175,A1343,658.24
2018/1/19,JA1802830,A1101,730.7388
2018/1/19,JA1805550,A0897,411.4
2018/1/19,JA1809268,A1305,6740.8
2018/1/19,JA1800379,A0930,514.25
2018/1/19,JA1807193,A1054,10201.968
2018/1/19,JA1802756,A0798,164.56
2018/1/19,JA1805376,A1334,822.8
2018/1/19,JA1807292,A0942,5686.14528
2018/1/19,JA1801889,A0472,1103.872
2018/1/19,JA1804075,A1062,5686.14528
2018/1/19,JA1808781,A1357,2450.55888
2018/1/19,JA1805746,A1089,25690.7
2018/1/19,JA1809127,A0357,730.7388
2018/1/19,JA1806078,A0389,4738.4544
2018/1/19,JA1805083,A0813,1576.96
2018/1/19,JA1807932,A1015,1971.2
2018/1/19,JA1808626,A0504,3316.91808
2018/1/19,JA1808079,A1319,913.4235
2018/1/19,JA1803616,A1036,1379.84
2018/1/22,JA1804582,A0494,3316.91808
2018/1/22,JA1808012,A1305,1892.352
2018/1/22,JA1805675,A1056,514.25
2018/1/22,JA1805022,A1412,329.12
2018/1/22,JA1808706,A0586,1182.72
2018/1/22,JA1800115,A1244,14955.732
2018/1/22,JA1804636,A1078,20243.112
2018/1/22,JA1801017,A0954,1978.1616
2018/1/22,JA1805946,A0395,1978.1616
2018/1/22,JA1804678,A0368,514.25
2018/1/22,JA1808810,A0546,1236.351
2018/1/22,JA1807586,A0550,411.4
2018/1/22,JA1806862,A0581,1236.351
2018/1/22,JA1800117,A1017,164.56
2018/1/22,JA1804785,A0783,1028.5
2018/1/22,JA1804766,A1309,4738.4544
2018/1/22,JA1804174,A1172,13602.624
2018/1/22,JA1806166,A0928,25690.7
2018/1/22,JA1805358,A1285,2100.47904
2018/1/22,JA1804078,A0659,365.3694
2018/1/22,JA1803394,A0655,1257.13
2018/1/22,JA1801065,A1274,2472.702
2018/1/22,JA1801560,A1388,205.7
2018/1/22,JA1807728,A1163,2673.792
2018/1/22,JA1805930,A1103,2450.55888
2018/1/22,JA1808056,A0988,4214.588
2018/1/22,JA1804358,A1181,822.8
2018/1/22,JA1802494,A0497,329.12
2018/1/22,JA1808674,A1278,1103.872
2018/1/22,JA1808994,A1232,2514.26
2018/1/22,JA1802796,A1381,2843.07264
2018/1/22,JA1806474,A0927,946.176
2018/1/22,JA1804817,A1285,4214.588
2018/1/22,JA1804402,A1265,365.3694
2018/1/22,JA1802057,A0412,5934.48768
2018/1/22,JA1806328,A0415,365.3694
2018/1/22,JA1800961,A1064,2450.55888
2018/1/22,JA1807342,A0990,2843.07264
2018/1/22,JA1802274,A0744,730.7388
2018/1/22,JA1807151,A1360,164.56
2018/1/22,JA1801096,A0506,822.8
2018/1/22,JA1804782,A0412,2450.55888
2018/1/22,JA1805405,A1332,2472.702
2018/1/22,JA1803478,A0429,1028.5
2018/1/23,JA1801118,A1361,946.176
2018/1/23,JA1803244,A0864,411.4
2018/1/23,JA1808871,A0870,411.4
2018/1/23,JA1806839,A0611,4214.588
2018/1/23,JA1807118,A1078,16208.85
2018/1/23,JA1807727,A1044,1461.4776
2018/1/23,JA1804987,A0411,3500.7984
2018/1/23,JA1808190,A1316,1461.4776
2018/1/23,JA1801853,A0862,1379.84
2018/1/23,JA1806430,A0915,1103.872
2018/1/23,JA1804784,A0379,730.7388
2018/1/23,JA1804828,A0478,329.12
2018/1/23,JA1801992,A0666,3500.7984
2018/1/23,JA1801644,A0940,2472.702
2018/1/23,JA1804473,A0433,1379.84
2018/1/23,JA1806909,A0799,7225.008
2018/1/23,JA1808054,A1137,24291.7344
2018/1/23,JA1802081,A0821,3612.504
2018/1/23,JA1804336,A0643,5313
2018/1/23,JA1800764,A0427,2100.47904
2018/1/23,JA1800940,A0422,946.176
2018/1/23,JA1803093,A1161,329.12
2018/1/23,JA1803636,A0513,1257.13
2018/1/23,JA1800651,A1036,1892.352
2018/1/23,JA1800714,A1278,913.4235
2018/1/23,JA1804356,A0890,822.8
2018/1/23,JA1805580,A0559,4200.95808
2018/1/23,JA1809271,A0906,2514.26
2018/1/23,JA1806431,A0816,3500.7984
2018/1/23,JA1806358,A0633,2450.55888
2018/1/23,JA1801834,A1002,329.12
2018/1/23,JA1804410,A0505,4200.95808
2018/1/23,JA1802808,A0589,2843.07264
2018/1/23,JA1807210,A0903,822.8
2018/1/23,JA1800305,A0890,411.4
2018/1/23,JA1806540,A0529,7225.008
2018/1/23,JA1803732,A0907,822.8
2018/1/23,JA1809358,A1370,411.4
2018/1/23,JA1804666,A1408,1103.872
2018/1/23,JA1806065,A1167,411.4
2018/1/23,JA1802631,A1116,2514.26
2018/1/23,JA1808862,A0713,989.0808
2018/1/23,JA1802500,A0977,1892.352
2018/1/23,JA1802931,A1282,1978.1616
2018/1/23,JA1804393,A1333,82.28
2018/1/23,JA1801620,A0906,411.4
2018/1/23,JA1801438,A0385,658.24
2018/1/24,JA1805178,A0928,411.4
2018/1/24,JA1806814,A0375,1576.96
2018/1/24,JA1808487,A0496,329.12
2018/1/24,JA1802340,A0357,411.4
2018/1/24,JA1806443,A0690,1978.1616
2018/1/24,JA1802323,A1169,1236.351
2018/1/24,JA1805842,A0593,2843.07264
2018/1/24,JA1802035,A0511,1892.352
2018/1/24,JA1802903,A0609,514.25
2018/1/24,JA1800513,A1186,20243.112
2018/1/24,JA1804125,A0967,6020.84
2018/1/24,JA1808490,A0970,913.4235
2018/1/24,JA1808950,A1202,7225.008
2018/1/24,JA1802718,A0763,658.24
2018/1/24,JA1802997,A1305,8426
2018/1/24,JA1808432,A0506,913.4235
2018/1/24,JA1809343,A1353,6740.8
2018/1/24,JA1801487,A0802,1257.13
2018/1/24,JA1801632,A1064,4738.4544
2018/1/24,JA1808732,A0557,658.24
2018/1/24,JA1801248,A0961,1182.72
2018/1/24,JA1803627,A0452,3142.825
2018/1/24,JA1801347,A0754,205.7
2018/1/24,JA1802327,A0963,3612.504
2018/1/24,JA1803361,A0517,1978.1616
2018/1/24,JA1805577,A0615,4200.95808
2018/1/24,JA1806718,A0431,2100.47904
2018/1/24,JA1800113,A0884,411.4
2018/1/24,JA1803703,A0771,6740.8
2018/1/25,JA1801260,A0890,3612.504
2018/1/25,JA1808535,A0760,1379.84
2018/1/25,JA1801794,A0515,989.0808
2018/1/25,JA1802188,A0369,3316.91808
2018/1/25,JA1804973,A1160,1379.84
2018/1/25,JA1808996,A0407,4200.95808
2018/1/25,JA1807911,A0741,1182.72
2018/1/25,JA1806468,A0363,946.176
2018/1/25,JA1806183,A1035,411.4
2018/1/25,JA1803762,A1277,1182.72
2018/1/25,JA1809300,A0799,730.7388
2018/1/25,JA1808137,A1035,730.7388
2018/1/25,JA1803055,A1270,2472.702
2018/1/25,JA1803131,A0997,822.8
2018/1/25,JA1806663,A0919,1892.352
2018/1/25,JA1800357,A0997,3500.7984
2018/1/25,JA1804816,A0583,1182.72
2018/1/25,JA1809266,A1305,411.4
2018/1/25,JA1800214,A1202,628.565
2018/1/25,JA1806308,A1142,1461.4776
2018/1/25,JA1808257,A0693,730.7388
2018/1/25,JA1808941,A1092,989.0808
2018/1/25,JA1807871,A1320,10710.05184
2018/1/25,JA1800034,A1408,514.25
2018/1/25,JA1802922,A0708,1103.872
2018/1/25,JA1803401,A1412,989.0808
2018/1/25,JA1804553,A1050,913.4235
2018/1/25,JA1807171,A0988,6020.84
2018/1/25,JA1802079,A0708,1461.4776
2018/1/25,JA1807186,A1363,2450.55888
2018/1/25,JA1803033,A1162,1576.96
2018/1/25,JA1805890,A1197,1971.2
2018/1/25,JA1805285,A0616,2100.47904
2018/1/25,JA1809212,A0853,329.12
2018/1/25,JA1808673,A1162,1103.872
2018/1/25,JA1808622,A0830,205.7
2018/1/25,JA1804159,A0414,2365.44
2018/1/26,JA1805570,A1242,6020.84
2018/1/26,JA1806373,A1331,1028.5
2018/1/26,JA1803342,A0403,822.8
2018/1/26,JA1803829,A0743,411.4
2018/1/26,JA1802311,A1100,4738.4544
2018/1/26,JA1806216,A0923,411.4
2018/1/26,JA1801799,A1118,4456.32
2018/1/26,JA1802774,A0915,1103.872
2018/1/26,JA1805643,A0709,2843.07264
2018/1/26,JA1806448,A0726,1826.847
2018/1/26,JA1800759,A1068,2843.07264
2018/1/26,JA1801763,A0412,989.0808
2018/1/26,JA1808301,A1415,8088.96
2018/1/26,JA1806991,A0630,1576.96
2018/1/26,JA1808225,A1225,1978.1616
2018/1/26,JA1802054,A0415,6020.84
2018/1/26,JA1806801,A1178,2100.47904
2018/1/26,JA1804355,A1257,2472.702
2018/1/26,JA1804686,A0990,411.4
2018/1/26,JA1807644,A0953,411.4
2018/1/26,JA1803619,A0799,1892.352
2018/1/26,JA1808097,A0506,822.8
2018/1/26,JA1802193,A0422,1103.872
2018/1/26,JA1808651,A0514,7225.008
2018/1/26,JA1800629,A0629,3612.504
2018/1/26,JA1804267,A1101,989.0808
2018/1/26,JA1805431,A0819,822.8
2018/1/26,JA1808897,A1403,1103.872
2018/1/26,JA1800097,A0806,1892.352
2018/1/26,JA1807755,A0575,658.24
2018/1/26,JA1803991,A0459,946.176
2018/1/26,JA1803378,A0497,1028.5
2018/1/26,JA1804617,A0679,2843.07264
2018/1/26,JA1800457,A0704,3612.504
2018/1/26,JA1800407,A1230,514.25
2018/1/29,JA1806207,A1302,1892.352
2018/1/29,JA1806690,A1260,1576.96
2018/1/29,JA1805882,A0764,3342.24
2018/1/29,JA1804487,A0932,6740.8
2018/1/29,JA1802523,A0615,4738.4544
2018/1/29,JA1807116,A1210,1892.352
2018/1/29,JA1801840,A0782,3500.7984
2018/1/29,JA1808625,A1382,1571.4125
2018/1/29,JA1800496,A0764,730.7388
2018/1/29,JA1804679,A0529,1978.1616
2018/1/29,JA1802614,A0744,822.8
2018/1/29,JA1800230,A0905,6020.84
2018/1/29,JA1803904,A0377,1461.4776
2018/1/29,JA1802737,A0507,4738.4544
2018/1/29,JA1802151,A1133,1461.4776
2018/1/29,JA1800664,A1329,4200.95808
2018/1/29,JA1805565,A0670,1971.2
2018/1/29,JA1805448,A1208,329.12
2018/1/29,JA1802438,A0869,1571.4125
2018/1/29,JA1801084,A0835,2100.47904
2018/1/29,JA1806246,A0890,913.4235
2018/1/29,JA1808791,A0720,1103.872
2018/1/29,JA1807807,A1332,1978.1616
2018/1/29,JA1808025,A0781,1971.2
2018/1/29,JA1801821,A1420,205.7
2018/1/29,JA1802582,A0369,2472.702
2018/1/29,JA1806823,A0552,1576.96
2018/1/29,JA1806824,A0515,5934.48768
2018/1/29,JA1808855,A1236,1182.72
2018/1/29,JA1800600,A0385,946.176
2018/1/29,JA1805171,A0510,7912.65024
2018/1/29,JA1808829,A1334,946.176
2018/1/29,JA1804044,A0819,10201.968
2018/1/29,JA1807527,A0607,1576.96
2018/1/29,JA1808029,A0350,329.12
2018/1/29,JA1801296,A1055,7225.008
2018/1/29,JA1800969,A0704,411.4
2018/1/30,JA1800503,A0886,411.4
2018/1/30,JA1800660,A0708,2843.07264
2018/1/30,JA1800508,A0548,2472.702
2018/1/30,JA1804938,A0659,946.176
2018/1/30,JA1806574,A0429,3316.91808
2018/1/30,JA1806270,A1167,365.3694
2018/1/30,JA1805507,A1118,1028.5
2018/1/30,JA1805622,A0544,1576.96
2018/1/30,JA1802218,A1047,1826.847
2018/1/30,JA1805873,A1186,329.12
2018/1/30,JA1807336,A0640,164.56
2018/1/30,JA1802138,A0906,3500.7984
2018/1/30,JA1808013,A0952,8426
2018/1/30,JA1803552,A0879,8426
2018/1/30,JA1805161,A0907,2843.07264
2018/1/30,JA1805795,A0352,3500.7984
2018/1/30,JA1807274,A1216,913.4235
2018/1/30,JA1808264,A1056,1379.84
2018/1/30,JA1808358,A0997,730.7388
2018/1/30,JA1806093,A1408,3612.504
2018/1/30,JA1805990,A0987,82.28
2018/1/30,JA1802822,A1343,730.7388
2018/1/30,JA1802965,A0990,1978.1616
2018/1/30,JA1801275,A1319,411.4
2018/1/30,JA1805939,A0747,822.8
2018/1/30,JA1802381,A1120,2514.26
2018/1/30,JA1808997,A1130,913.4235
2018/1/30,JA1805221,A0657,329.12
2018/1/30,JA1808483,A0919,2843.07264
2018/1/30,JA1801538,A1130,913.4235
2018/1/30,JA1804518,A1353,2673.792
2018/1/30,JA1802597,A1319,6740.8
2018/1/30,JA1805502,A0583,411.4
2018/1/30,JA1801267,A1187,2365.44
2018/1/30,JA1800244,A0880,4250.4
2018/1/30,JA1802389,A1370,989.0808
2018/1/30,JA1803518,A1270,913.4235
2018/1/31,JA1806225,A1223,1182.72
2018/1/31,JA1804257,A1002,2100.47904
2018/1/31,JA1800999,A1050,6020.84
2018/1/31,JA1805689,A1341,1103.872
2018/1/31,JA1808266,A0722,1892.352
2018/1/31,JA1803611,A0640,1576.96
2018/1/31,JA1807175,A0566,2843.07264
2018/1/31,JA1803026,A0819,989.0808
2018/1/31,JA1807611,A1089,411.4
2018/1/31,JA1800001,A1332,1826.847
2018/1/31,JA1808945,A1101,4214.588
2018/1/31,JA1803870,A0749,2100.47904
2018/1/31,JA1806645,A1058,8426
2018/1/31,JA1801241,A0945,7225.008
2018/1/31,JA1806711,A1050,1826.847
2018/1/31,JA1805075,A1225,1978.1616
2018/1/31,JA1800769,A0893,730.7388
2018/1/31,JA1802314,A0463,658.24
2018/1/31,JA1801557,A1009,2514.26
2018/1/31,JA1809046,A1292,2450.55888
2018/1/31,JA1800887,A1124,7225.008
2018/1/31,JA1805277,A1345,2100.47904
2018/1/31,JA1800193,A1064,5313
2018/1/31,JA1801714,A0452,989.0808
2018/1/31,JA1807857,A0436,1103.872
2018/1/31,JA1803910,A1167,514.25
2018/1/31,JA1803603,A0690,411.4
2018/1/31,JA1808214,A0454,1826.847
2018/1/31,JA1808281,A1372,8426
2018/1/31,JA1802382,A0934,1379.84
2018/1/31,JA1801106,A0655,2365.44
2018/2/1,FE1800055,A1093,3612.504
2018/2/1,FE1808394,A0895,6020.84
2018/2/1,FE1804797,A0574,658.24
2018/2/1,FE1807978,A0992,1257.13
2018/2/1,FE1805705,A1124,1182.72
2018/2/1,FE1805673,A0423,2450.55888
2018/2/1,FE1803921,A0510,1576.96
2018/2/1,FE1804341,A1059,411.4
2018/2/1,FE1800070,A1308,1103.872
2018/2/1,FE1805828,A1030,2843.07264
2018/2/1,FE1804045,A1346,13602.624
2018/2/1,FE1804545,A0629,1461.4776
2018/2/1,FE1804239,A0949,4214.588
2018/2/1,FE1806111,A0463,822.8
2018/2/1,FE1808773,A0643,946.176
2018/2/1,FE1803377,A0377,2365.44
2018/2/1,FE1800817,A0852,4200.95808
2018/2/1,FE1800885,A0512,1461.4776
2018/2/1,FE1802637,A0670,411.4
2018/2/1,FE1808167,A0387,2450.55888
2018/2/1,FE1804525,A0557,514.25
2018/2/1,FE1809168,A1388,1461.4776
2018/2/1,FE1807834,A0519,989.0808
2018/2/1,FE1801995,A0905,3612.504
2018/2/1,FE1807819,A1225,10710.05184
2018/2/1,FE1801051,A0905,2472.702
2018/2/1,FE1803949,A0792,4738.4544
2018/2/1,FE1806437,A0852,2100.47904
2018/2/1,FE1805734,A1003,1028.5
2018/2/1,FE1806090,A1103,164.56
2018/2/1,FE1806878,A0949,1971.2
2018/2/1,FE1803119,A0783,1978.1616
2018/2/1,FE1806415,A0915,1576.96
2018/2/1,FE1802399,A1362,913.4235
2018/2/1,FE1809214,A1202,6740.8
2018/2/1,FE1804584,A0853,913.4235
2018/2/1,FE1809150,A1334,1028.5
2018/2/1,FE1808776,A1413,2450.55888
2018/2/1,FE1801210,A0665,2365.44
2018/2/2,FE1806511,A1162,4200.95808
2018/2/2,FE1800762,A0665,4214.588
2018/2/2,FE1808989,A1085,2100.47904
2018/2/2,FE1806774,A0975,1971.2
2018/2/2,FE1807391,A1138,822.8
2018/2/2,FE1805891,A1038,1028.5
2018/2/2,FE1803386,A0454,5934.48768
2018/2/2,FE1801294,A1137,3142.825
2018/2/2,FE1805901,A0922,4200.95808
2018/2/2,FE1806661,A0515,3612.504
2018/2/2,FE1801393,A1204,4214.588
2018/2/2,FE1801010,A0749,1103.872
2018/2/2,FE1800791,A0513,989.0808
2018/2/2,FE1806426,A1367,411.4
2018/2/2,FE1801612,A1257,5313
2018/2/2,FE1803493,A0657,658.24
2018/2/2,FE1807058,A0816,514.25
2018/2/2,FE1809273,A0830,494.5404
2018/2/2,FE1808650,A1202,514.25
2018/2/2,FE1806760,A1159,1461.4776
2018/2/2,FE1802723,A0937,3142.825
2018/2/2,FE1807172,A0799,4214.588
2018/2/2,FE1807290,A0387,411.4
2018/2/2,FE1800040,A1232,1571.4125
2018/2/2,FE1808909,A0754,25690.7
2018/2/2,FE1803223,A0862,8426
2018/2/2,FE1801300,A1225,411.4
2018/2/2,FE1800737,A1058,913.4235
2018/2/2,FE1800456,A0582,658.24
2018/2/2,FE1807545,A0380,1103.872
2018/2/2,FE1806971,A0415,1028.5
2018/2/2,FE1805560,A0754,946.176
2018/2/2,FE1808379,A1146,3612.504
2018/2/2,FE1806859,A0495,2100.47904
2018/2/2,FE1808146,A0693,2100.47904
2018/2/2,FE1806480,A0743,329.12
2018/2/2,FE1804554,A0472,1182.72
2018/2/2,FE1804949,A0789,164.56
2018/2/2,FE1807234,A1134,4738.4544
2018/2/2,FE1800414,A0355,2450.55888
2018/2/2,FE1801371,A0503,2100.47904
2018/2/2,FE1809152,A1020,2100.47904
2018/2/5,FE1804589,A0411,1826.847
2018/2/5,FE1801942,A0534,822.8
2018/2/5,FE1805268,A1202,1379.84
2018/2/5,FE1806452,A0458,329.12
2018/2/5,FE1800434,A1332,1826.847
2018/2/5,FE1805511,A0930,1978.1616
2018/2/5,FE1806641,A0837,2843.07264
2018/2/5,FE1809184,A1182,1103.872
2018/2/5,FE1806470,A1132,2472.702
2018/2/5,FE1802238,A1123,822.8
2018/2/5,FE1803207,A0732,494.5404
2018/2/5,FE1808621,A1059,1379.84
2018/2/5,FE1805309,A0406,247.2702
2018/2/5,FE1804572,A0643,822.8
2018/2/5,FE1806832,A0512,411.4
2018/2/5,FE1800910,A1169,2365.44
2018/2/5,FE1807298,A0377,25690.7
2018/2/5,FE1807766,A0576,1461.4776
2018/2/5,FE1805296,A0681,913.4235
2018/2/5,FE1808438,A1225,1182.72
2018/2/5,FE1803371,A0352,1461.4776
2018/2/5,FE1805472,A1237,24291.7344
2018/2/5,FE1802590,A1313,3500.7984
2018/2/5,FE1808139,A0574,411.4
2018/2/5,FE1806670,A0419,3612.504
2018/2/5,FE1803503,A1110,730.7388
2018/2/5,FE1803804,A1403,3500.7984
2018/2/5,FE1802264,A0641,2450.55888
2018/2/5,FE1800002,A0382,182.6847
2018/2/5,FE1802725,A1387,1103.872
2018/2/5,FE1802480,A1311,1182.72
2018/2/5,FE1809278,A0930,8426
2018/2/5,FE1808566,A0505,4200.95808
2018/2/5,FE1800715,A1239,411.4
2018/2/5,FE1801426,A0995,822.8
2018/2/5,FE1808194,A1230,164.56
2018/2/5,FE1801766,A0946,1028.5
2018/2/5,FE1807368,A1202,946.176
2018/2/6,FE1803976,A1191,2843.07264
2018/2/6,FE1800597,A1113,822.8
2018/2/6,FE1807996,A0665,329.12
2018/2/6,FE1809043,A0531,2450.55888
2018/2/6,FE1803653,A0859,658.24
2018/2/6,FE1805366,A1170,822.8
2018/2/6,FE1800319,A0954,2450.55888
2018/2/6,FE1803158,A1191,2514.26
2018/2/6,FE1808905,A0822,946.176
2018/2/6,FE1801081,A1402,1892.352
2018/2/6,FE1801719,A0867,2843.07264
2018/2/6,FE1801608,A0987,2100.47904
2018/2/6,FE1801109,A0931,5686.14528
2018/2/6,FE1804497,A1089,2514.26
2018/2/6,FE1804191,A0657,1182.72
2018/2/6,FE1804264,A1035,3500.7984
2018/2/6,FE1802044,A1270,10201.968
2018/2/6,FE1807329,A0931,1182.72
2018/2/6,FE1800329,A0515,989.0808
2018/2/6,FE1804097,A1062,1576.96
2018/2/6,FE1808475,A0893,1379.84
2018/2/6,FE1802205,A1103,1028.5
2018/2/6,FE1807431,A1254,329.12
2018/2/6,FE1806342,A1129,1182.72
2018/2/6,FE1800358,A0881,1892.352
2018/2/6,FE1807080,A0412,3342.24
2018/2/6,FE1806585,A0629,1576.96
2018/2/6,FE1805065,A1232,1028.5
2018/2/6,FE1806945,A0845,2843.07264
2018/2/6,FE1808664,A0800,514.25
2018/2/6,FE1800504,A1370,822.8
2018/2/6,FE1802287,A0513,5934.48768
2018/2/6,FE1801673,A0472,182.6847
2018/2/6,FE1806967,A1120,1236.351
2018/2/6,FE1800929,A1065,411.4
2018/2/6,FE1800228,A0534,12766.716
2018/2/6,FE1800217,A1178,3142.825
2018/2/7,FE1808687,A0372,20243.112
2018/2/7,FE1806899,A1183,946.176
2018/2/7,FE1801351,A0640,1971.2
2018/2/7,FE1803070,A1133,411.4
2018/2/7,FE1806630,A1226,1461.4776
2018/2/7,FE1803088,A0531,822.8
2018/2/7,FE1803081,A0417,1182.72
2018/2/7,FE1800377,A0454,730.7388
2018/2/7,FE1800204,A0379,314.2825
2018/2/7,FE1806007,A1063,822.8
2018/2/7,FE1808747,A0550,411.4
2018/2/7,FE1808883,A0996,2100.47904
2018/2/7,FE1807460,A0917,1103.872
2018/2/7,FE1801843,A1169,1257.13
2018/2/7,FE1800177,A0548,1257.13
2018/2/7,FE1808001,A0542,2514.26
2018/2/7,FE1802288,A0655,913.4235
2018/2/7,FE1800299,A0601,946.176
2018/2/7,FE1807537,A0744,1236.351
2018/2/7,FE1800124,A1193,946.176
2018/2/7,FE1807795,A1228,1892.352
2018/2/7,FE1804152,A0945,730.7388
2018/2/7,FE1808805,A1116,658.24
2018/2/7,FE1805138,A1307,822.8
2018/2/7,FE1802555,A1257,1892.352
2018/2/7,FE1803867,A0880,1461.4776
2018/2/7,FE1809029,A0471,1379.84
2018/2/7,FE1800118,A1265,2100.47904
2018/2/7,FE1806567,A0992,7225.008
2018/2/7,FE1804182,A0506,1576.96
2018/2/7,FE1808833,A0419,730.7388
2018/2/7,FE1807594,A0990,3612.504
2018/2/7,FE1804001,A0504,822.8
2018/2/7,FE1802919,A0519,4738.4544
2018/2/7,FE1804077,A0530,411.4
2018/2/7,FE1805924,A0796,3316.91808
2018/2/7,FE1806683,A1104,822.8
2018/2/7,FE1801461,A0466,1826.847
2018/2/7,FE1808915,A1160,1182.72
2018/2/7,FE1802532,A1128,2514.26
2018/2/7,FE1809047,A1240,411.4
2018/2/7,FE1802518,A0531,411.4
2018/2/8,FE1801875,A0837,1978.1616
2018/2/8,FE1805335,A1142,411.4
2018/2/8,FE1808318,A0987,658.24
2018/2/8,FE1800076,A1178,1571.4125
2018/2/8,FE1805047,A1102,182.6847
2018/2/8,FE1804278,A0474,30828.84
2018/2/8,FE1800567,A0545,494.5404
2018/2/8,FE1801349,A0901,6020.84
2018/2/8,FE1801382,A1106,1182.72
2018/2/8,FE1805561,A0443,4738.4544
2018/2/8,FE1808404,A0934,182.6847
2018/2/8,FE1803938,A0945,1103.872
2018/2/8,FE1806897,A1142,1892.352
2018/2/8,FE1806095,A0673,946.176
2018/2/8,FE1802355,A0387,411.4
2018/2/8,FE1806677,A0773,913.4235
2018/2/8,FE1800441,A0429,1978.1616
2018/2/8,FE1804850,A0686,989.0808
2018/2/8,FE1803698,A0419,1257.13
2018/2/8,FE1806990,A0955,1236.351
2018/2/8,FE1806573,A0497,989.0808
2018/2/8,FE1801695,A1358,1257.13
2018/2/8,FE1808037,A0707,2843.07264
2018/2/8,FE1808322,A0547,2450.55888
2018/2/8,FE1808782,A0990,822.8
2018/2/8,FE1802055,A0883,1028.5
2018/2/8,FE1800771,A1412,182.6847
2018/2/8,FE1801258,A1257,2450.55888
2018/2/8,FE1809338,A0412,1971.2
2018/2/8,FE1807987,A0994,822.8
